,Bairro,Quartos,Vagas,Suites,Area,Valor,Condominio,IPTU
3,Centro,1,0,0,15,800.0,390.0,20.0
4,Higienópolis,1,0,0,48,800.0,230.0,0.0
28,Tijuca,1,0,0,48,750.0,772.0,25.0
54,Centro,1,0,0,27,750.0,371.0,19.0
94,Centro,1,1,0,37,1100.0,540.0,900.0
148,Vila Isabel,1,0,0,37,1000.0,285.0,24.0
293,Botafogo,1,0,0,35,1000.0,293.0,86.0
355,Engenho Novo,1,1,0,63,700.0,625.0,36.0
385,Maracanã,1,1,1,120,1000.0,985.0,150.0
576,Freguesia (Jacarepaguá),1,1,0,49,1050.0,580.0,36.0
597,Leme,1,0,0,31,1140.0,420.0,24.0
616,Grajaú,1,0,0,30,800.0,283.0,187.0
622,Botafogo,1,0,0,17,1100.0,330.0,15.0
631,Méier,1,0,0,53,900.0,484.0,37.0
642,Curicica,1,1,0,45,700.0,356.0,126.0
658,Méier,1,0,0,50,1000.0,390.0,16.0
672,Andaraí,1,0,1,30,1100.0,580.0,0.0
796,Freguesia (Jacarepaguá),1,1,0,49,850.0,590.0,37.0
880,Centro,1,0,1,38,1150.0,400.0,25.0
914,Santa Teresa,1,0,0,21,800.0,312.0,15.0
1006,Centro,1,0,0,35,1000.0,300.0,0.0
1024,Campo Grande,1,1,0,46,650.0,250.0,0.0
1104,Vila Isabel,1,1,1,50,1050.0,450.0,0.0
1132,Fátima,1,0,0,50,1100.0,558.0,20.0
1136,Higienópolis,1,0,0,55,750.0,120.0,0.0
1148,Botafogo,1,0,0,35,1000.0,293.0,86.0
1149,Santa Teresa,1,1,0,49,1150.0,570.0,28.0
1382,Copacabana,1,0,0,35,1100.0,400.0,55.0
1390,Tijuca,1,0,0,40,1100.0,350.0,50.0
1442,Glória,1,0,0,34,1100.0,275.0,14.0
1445,Higienópolis,1,0,1,45,800.0,120.0,31.0
1525,Engenho Novo,1,0,0,37,600.0,414.0,16.0
1616,Encantado,1,1,0,44,500.0,346.0,0.0
1620,Barra da Tijuca,1,1,1,45,910.0,640.0,12.0
1652,Centro,1,0,0,30,900.0,320.0,0.0
1685,Centro,1,0,0,21,900.0,289.0,20.0
1706,Praça da Bandeira,1,0,0,35,400.0,130.0,0.0
1744,Rio Comprido,1,0,0,33,800.0,275.0,24.0
1810,Praça Seca,1,1,1,70,600.0,481.0,17.0
1829,São Cristóvão,1,0,0,56,850.0,450.0,15.0
2073,Centro,1,0,0,38,900.0,223.0,15.0
2097,Méier,1,0,0,47,700.0,435.0,162.0
2131,Engenho Novo,1,1,1,51,850.0,509.0,17.0
2228,Méier,1,0,0,55,850.0,340.0,16.0
2310,Flamengo,1,0,1,26,1100.0,381.0,29.0
2370,Santa Teresa,1,0,0,45,740.0,180.0,25.0
2480,Tanque,1,1,1,64,900.0,470.0,15.0
2524,Glória,1,0,1,48,1100.0,500.0,0.0
2783,Centro,1,0,0,40,1000.0,510.0,21.0
2791,Méier,1,1,0,55,900.0,250.0,17.0
2850,Centro,1,0,0,55,850.0,350.0,35.0
2869,Centro,1,0,0,28,900.0,446.0,24.0
2872,Catete,1,0,0,27,1000.0,359.0,29.0
2884,Engenho Novo,1,1,0,62,900.0,555.0,0.0
2887,Tijuca,1,0,0,35,800.0,380.0,24.0
2897,Cascadura,1,0,0,40,680.0,240.0,0.0
2930,Freguesia (Jacarepaguá),1,1,0,50,1000.0,590.0,36.0
3025,Flamengo,1,0,0,39,1100.0,580.0,20.0
3026,Centro,1,0,0,35,950.0,340.0,24.0
3179,Tijuca,1,1,0,47,1100.0,600.0,0.0
3205,Madureira,1,0,0,55,700.0,200.0,0.0
3223,Copacabana,1,0,0,55,1100.0,560.0,57.0
3225,Laranjeiras,1,0,0,27,1100.0,680.0,29.0
3257,Glória,1,0,0,50,950.0,570.0,67.0
3276,Praça Seca,1,1,0,45,650.0,370.0,140.0
3288,Higienópolis,1,0,1,37,900.0,308.0,0.0
3302,Centro,1,0,0,34,1000.0,450.0,21.0
3324,Tijuca,1,0,0,35,800.0,420.0,0.0
3372,Freguesia (Jacarepaguá),1,1,0,50,1050.0,590.0,37.0
3377,Centro,1,0,0,45,1100.0,400.0,0.0
3424,Cidade Nova,1,0,0,37,800.0,214.0,14.0
3486,Lapa,1,0,0,32,1100.0,380.0,0.0
3542,Caju,1,0,1,45,850.0,230.0,0.0
3642,Glória,1,0,1,40,1150.0,520.0,0.0
3714,Centro,1,0,0,33,800.0,380.0,25.0
3728,Praça Seca,1,1,0,48,450.0,275.0,0.0
3977,Centro,1,0,0,42,1090.0,345.0,24.0
4180,Glória,1,0,0,20,900.0,495.0,0.0
4259,Recreio dos Bandeirantes,1,0,0,24,1000.0,364.0,0.0
4417,Cachambi,1,0,1,39,850.0,320.0,0.0
4445,Copacabana,1,0,0,33,1100.0,523.0,56.0
4446,Sampaio,1,0,0,51,800.0,205.0,0.0
4524,Freguesia (Jacarepaguá),1,1,0,49,1100.0,590.0,36.0
4578,Marechal Hermes,1,0,0,50,800.0,280.0,0.0
4621,Vila da Penha,1,0,0,45,1100.0,250.0,0.0
4665,Bonsucesso,1,0,0,38,850.0,170.0,0.0
4701,Cachambi,1,1,0,48,750.0,250.0,0.0
4866,Maracanã,1,0,0,54,1000.0,450.0,20.0
4972,Sampaio,1,0,0,51,800.0,205.0,0.0
5028,Lins de Vasconcelos,1,1,0,60,800.0,460.0,250.0
5094,Centro,1,0,1,40,950.0,350.0,24.0
5378,Vila Isabel,1,1,0,66,1000.0,750.0,20.0
5388,Centro,1,0,0,33,850.0,342.0,21.0
5430,Copacabana,1,0,0,28,950.0,647.0,56.0
5595,Praça Seca,1,0,0,47,500.0,10.0,0.0
5735,Pechincha,1,1,0,61,1000.0,347.0,52.0
5827,Freguesia (Jacarepaguá),1,1,0,41,750.0,357.0,16.0
5974,Barra da Tijuca,1,1,1,42,1100.0,669.0,0.0
6011,Vargem Pequena,1,1,1,70,1000.0,680.0,89.0
6016,Catete,1,0,0,26,800.0,400.0,29.0
6078,Freguesia (Jacarepaguá),1,1,0,32,900.0,263.0,15.0
6183,Copacabana,1,0,0,31,1100.0,506.0,58.0
6284,Madureira,1,0,0,45,550.0,198.0,0.0
6408,Centro,1,0,0,15,800.0,305.0,20.0
6528,Jacarepaguá,1,1,0,50,1100.0,480.0,14.0
6562,Braz de Pina,1,1,0,45,720.0,80.0,0.0
6621,Centro,1,0,0,30,1100.0,400.0,0.0
6670,Riachuelo,1,1,0,45,900.0,557.0,16.0
6713,Marechal Hermes,1,0,0,33,600.0,3.0,0.0
6920,Rocha Miranda,1,0,0,45,500.0,80.0,0.0
7030,Sampaio,1,1,0,60,1000.0,400.0,0.0
7114,Moneró,1,0,0,50,1100.0,360.0,49.0
7266,Botafogo,1,0,0,35,1000.0,293.0,86.0
7349,Tijuca,1,0,0,40,1100.0,450.0,24.0
7424,Maracanã,1,0,0,50,1100.0,492.0,20.0
7490,Freguesia (Ilha do Governador),1,0,0,40,800.0,150.0,0.0
7538,Recreio dos Bandeirantes,1,0,0,50,900.0,100.0,62.0
7540,Oswaldo Cruz,1,1,0,50,650.0,227.0,0.0
7723,Santa Teresa,1,0,0,35,800.0,400.0,0.0
7754,Ilha do Governador,1,0,0,45,1000.0,355.0,20.0
8047,Praça da Bandeira,1,0,0,30,800.0,355.0,25.0
8085,Pechincha,1,0,0,60,1100.0,347.0,55.0
8117,Cachambi,1,0,0,40,800.0,150.0,0.0
8179,Glória,1,0,0,30,1100.0,361.0,24.0
8373,Cachambi,1,1,0,45,700.0,210.0,0.0
8400,Méier,1,0,0,40,1100.0,500.0,13.0
8422,Penha,1,0,0,50,900.0,250.0,0.0
8515,Andaraí,1,0,0,40,1000.0,340.0,190.0
8529,Todos os Santos,1,1,1,48,1000.0,490.0,0.0
8569,Engenho de Dentro,1,0,0,30,300.0,50.0,0.0
8614,Jacarepaguá,1,0,0,30,550.0,18.0,8.0
8642,Copacabana,1,0,0,28,1100.0,450.0,54.0
8759,Centro,1,0,0,30,800.0,400.0,0.0
8783,Praça da Bandeira,1,0,0,39,900.0,437.0,0.0
8809,Santa Teresa,1,0,0,49,660.0,235.0,14.0
8919,Centro,1,0,0,25,1000.0,321.0,24.0
8965,Rocha Miranda,1,1,0,35,699.0,99.0,0.0
9051,Pechincha,1,1,0,46,800.0,585.0,0.0
9133,Centro,1,0,0,20,1000.0,216.0,21.0
9165,Praça da Bandeira,1,0,0,35,1090.0,450.0,25.0
9174,Ramos,1,0,0,45,600.0,240.0,0.0
9185,Tijuca,1,0,0,33,1000.0,515.0,14.0
9247,Campo Grande,1,1,0,40,500.0,182.0,0.0
9256,Centro,1,0,0,55,950.0,433.0,47.0
9306,Centro,1,0,0,34,800.0,424.0,25.0
9323,Campo Grande,1,1,0,50,500.0,180.0,0.0
9368,Botafogo,1,0,0,35,1000.0,293.0,86.0
9509,Cachambi,1,1,0,35,800.0,407.0,0.0
9523,Freguesia (Jacarepaguá),1,1,0,55,900.0,395.0,88.0
9631,Catete,1,0,1,34,1000.0,400.0,53.0
9835,Lapa,1,0,0,30,1100.0,420.0,0.0
9886,Centro,1,0,0,30,1000.0,394.0,20.0
9904,Vila Isabel,1,0,0,36,1050.0,385.0,0.0
10212,Olaria,1,1,0,60,860.0,555.0,80.0
10275,Senador Vasconcelos,1,1,1,50,800.0,180.0,0.0
10326,Engenho Novo,1,1,0,62,650.0,612.0,0.0
10358,Marechal Hermes,1,0,0,50,800.0,200.0,0.0
10548,Praça Seca,1,1,0,37,500.0,322.0,0.0
10628,Andaraí,1,0,0,42,900.0,447.0,20.0
10704,Centro,1,0,0,43,1000.0,400.0,18.0
10705,Lins de Vasconcelos,1,1,1,98,800.0,913.0,82.0
10912,Méier,1,1,0,40,900.0,657.0,0.0
11013,Botafogo,1,0,0,19,980.0,481.0,29.0
11077,Vila Isabel,1,0,0,50,1000.0,400.0,0.0
11171,Centro,1,0,0,32,1000.0,450.0,30.0
11189,Praça Seca,1,1,0,41,800.0,320.0,20.0
11295,Jacarepaguá,1,0,0,53,1000.0,363.0,13.0
11311,Centro,1,0,0,41,800.0,384.0,17.0
11366,Jacarepaguá,1,0,0,37,1100.0,308.0,16.0
11387,Andaraí,1,1,0,50,1000.0,464.0,25.0
11419,Anil,1,0,0,30,550.0,13.0,8.0
11506,Vila da Penha,1,0,0,48,750.0,245.0,0.0
11511,Méier,1,1,0,42,900.0,405.0,17.0
11607,Centro,1,0,0,33,750.0,486.0,25.0
11691,Méier,1,1,0,45,800.0,200.0,50.0
11714,Glória,1,0,0,43,1000.0,503.0,15.0
11738,Pechincha,1,0,0,46,800.0,545.0,14.0
11749,Barra da Tijuca,1,1,0,42,800.0,758.0,0.0
11886,Vila Isabel,1,0,0,41,1100.0,390.0,24.0
11996,Botafogo,1,0,0,23,850.0,581.0,30.0
12060,Catete,1,0,0,42,1000.0,530.0,0.0
12126,Santa Teresa,1,0,0,25,850.0,370.0,14.0
12128,Copacabana,1,0,0,41,900.0,700.0,0.0
12131,Cachambi,1,1,0,54,900.0,500.0,39.0
12158,Barra da Tijuca,1,1,0,42,850.0,762.0,40.0
12186,Tijuca,1,1,0,50,1100.0,567.0,20.0
12244,Centro,1,0,0,46,850.0,550.0,45.0
12394,Encantado,1,1,0,45,900.0,496.0,0.0
12404,Botafogo,1,0,0,26,1100.0,270.0,0.0
12459,Marechal Hermes,1,1,0,48,600.0,155.0,0.0
12475,Tijuca,1,0,1,40,1100.0,390.0,25.0
12534,Vila Isabel,1,0,0,30,1100.0,385.0,21.0
12538,Méier,1,0,0,60,900.0,582.0,20.0
12624,Vila Isabel,1,0,0,30,1100.0,400.0,0.0
12674,Vila Isabel,1,0,0,60,800.0,303.0,25.0
12717,Santa Teresa,1,0,0,27,900.0,340.0,0.0
12803,Glória,1,0,0,30,1000.0,500.0,20.0
12936,Senador Vasconcelos,1,1,1,50,800.0,180.0,0.0
12938,Freguesia (Jacarepaguá),1,1,0,60,950.0,583.0,140.0
13040,Engenho Novo,1,0,1,40,500.0,456.0,36.0
13058,Freguesia (Jacarepaguá),1,1,0,48,1000.0,450.0,0.0
13163,Praça da Bandeira,1,0,0,22,800.0,130.0,25.0
13201,Botafogo,1,0,0,24,1000.0,500.0,30.0
13316,Barra da Tijuca,1,1,1,44,1000.0,790.0,15.0
13389,Centro,1,0,0,40,1000.0,383.0,25.0
13407,Riachuelo,1,0,1,40,1100.0,229.0,0.0
13409,Copacabana,1,0,0,30,1000.0,600.0,56.0
13418,Catumbi,1,0,0,40,1000.0,146.0,0.0
13445,Freguesia (Jacarepaguá),1,1,0,56,700.0,770.0,18.0
13522,Copacabana,1,0,0,28,1000.0,350.0,0.0
13540,Tanque,1,0,0,75,1100.0,625.0,14.0
13572,Vila da Penha,1,0,0,42,600.0,210.0,0.0
13641,Centro,1,0,0,27,600.0,420.0,89.0
13644,Méier,1,0,0,40,600.0,250.0,13.0
13693,Vaz Lobo,1,0,0,60,600.0,92.0,33.0
13860,Jardim Guanabara,1,1,0,35,1000.0,171.0,25.0
14022,Riachuelo,1,1,0,46,950.0,550.0,16.0
14187,Méier,1,1,0,40,900.0,456.0,20.0
14356,Campinho,1,0,0,35,700.0,66.0,0.0
14370,Centro,1,0,0,33,1150.0,370.0,20.0
14412,Centro,1,0,0,35,1000.0,335.0,25.0
14454,Copacabana,1,0,0,35,1130.0,500.0,0.0
14493,Penha,1,1,0,60,850.0,314.0,0.0
14575,São Francisco Xavier,1,0,0,51,700.0,505.0,0.0
14680,Tijuca,1,1,0,60,900.0,556.0,24.0
14765,Cachambi,1,0,0,40,800.0,130.0,14.0
14887,Praça Seca,1,0,0,60,750.0,30.0,0.0
14922,Tijuca,1,0,0,40,1100.0,500.0,20.0
14937,Quintino Bocaiúva,1,1,0,39,600.0,354.0,0.0
14983,Lins de Vasconcelos,1,1,0,62,900.0,500.0,0.0
14986,Flamengo,1,1,0,35,1000.0,490.0,0.0
15027,Flamengo,1,0,0,36,1000.0,495.0,55.0
15058,Vila Isabel,1,0,0,45,1000.0,350.0,20.0
15069,Campo Grande,1,1,0,55,750.0,517.0,0.0
15166,Copacabana,1,0,0,31,1100.0,397.0,67.0
15249,Engenho Novo,1,0,0,46,1100.0,500.0,0.0
15266,Laranjeiras,1,0,0,24,900.0,415.0,29.0
15360,Taquara,1,1,0,55,700.0,406.0,0.0
15500,Todos os Santos,1,0,0,70,800.0,656.0,39.0
15701,Tijuca,1,1,0,35,900.0,335.0,20.0
15745,Copacabana,1,0,0,36,1100.0,805.0,70.0
15802,Tijuca,1,1,1,40,1000.0,594.0,0.0
15807,Tijuca,1,0,0,58,1100.0,408.0,0.0
15859,Vila da Penha,1,0,0,37,700.0,50.0,0.0
16002,Tanque,1,0,0,45,750.0,75.0,0.0
16129,Tijuca,1,0,1,33,900.0,460.0,25.0
16138,Centro,1,0,0,35,900.0,517.0,25.0
16191,Quintino Bocaiúva,1,0,0,50,1100.0,145.0,0.0
16205,Madureira,1,0,0,50,750.0,200.0,0.0
16315,Centro,1,0,0,26,750.0,400.0,0.0
16419,Glória,1,0,0,47,1150.0,500.0,25.0
16478,Méier,1,0,0,35,1100.0,200.0,35.0
16479,Tauá,1,0,0,40,1150.0,80.0,20.0
16483,Cachambi,1,0,0,35,600.0,274.0,22.0
16504,Flamengo,1,0,0,27,1000.0,366.0,25.0
16514,Catete,1,0,0,44,950.0,300.0,29.0
16729,Campo Grande,1,1,0,41,600.0,195.0,0.0
16752,Praça da Bandeira,1,0,0,36,1100.0,350.0,130.0
16803,Ribeira,1,1,0,58,1100.0,565.0,500.0
16889,Cachambi,1,0,0,36,600.0,407.0,0.0
17052,Barra da Tijuca,1,1,0,42,1000.0,740.0,0.0
17091,Engenho de Dentro,1,1,0,50,800.0,250.0,0.0
17176,Grajaú,1,0,0,40,1000.0,460.0,25.0
17202,Méier,1,1,0,55,800.0,400.0,17.0
17212,Grajaú,1,1,0,58,1100.0,670.0,360.0
17361,Vila Isabel,1,0,0,35,1100.0,455.0,0.0
17370,Praça Seca,1,1,0,46,700.0,300.0,107.0
17394,Jardim Guanabara,1,1,0,44,1100.0,230.0,48.0
17487,Cachambi,1,1,0,64,900.0,600.0,0.0
17502,Tijuca,1,0,0,40,900.0,640.0,21.0
17719,Praça da Bandeira,1,0,0,30,900.0,310.0,0.0
17728,Campo Grande,1,0,0,65,650.0,110.0,0.0
17831,Méier,1,1,0,87,1100.0,411.0,0.0
17843,Grajaú,1,1,0,50,1100.0,500.0,0.0
17864,Centro,1,0,0,40,1100.0,707.0,70.0
17903,Catete,1,0,0,29,1100.0,320.0,25.0
17907,São Cristóvão,1,0,0,55,900.0,450.0,0.0
17964,Centro,1,0,0,40,1050.0,340.0,0.0
17965,Cascadura,1,0,0,54,760.0,80.0,0.0
18015,Tijuca,1,0,0,45,1000.0,440.0,0.0
18105,Centro,1,0,0,34,1000.0,454.0,25.0
18150,Vila Isabel,1,1,0,30,1100.0,620.0,0.0
18157,Tijuca,1,0,0,40,1100.0,534.0,25.0
18205,Anil,1,1,0,40,1100.0,320.0,13.0
18214,Centro,1,0,0,35,1100.0,340.0,20.0
18347,Lins de Vasconcelos,1,1,0,44,800.0,435.0,14.0
18403,Engenho Novo,1,0,0,45,800.0,460.0,0.0
18470,Centro,1,0,0,25,850.0,223.0,24.0
18482,Jardim Guanabara,1,1,0,30,1000.0,450.0,24.0
18502,Freguesia (Jacarepaguá),1,1,0,55,900.0,690.0,40.0
18612,Guadalupe,1,1,1,45,800.0,250.0,0.0
18798,Centro,1,0,0,32,900.0,342.0,24.0
18901,Copacabana,1,0,0,21,1100.0,405.0,0.0
18968,Flamengo,1,0,0,23,800.0,480.0,29.0
19062,Campo Grande,1,1,0,48,650.0,250.0,12.0
19160,Centro,1,0,0,28,900.0,370.0,20.0
19183,Centro,1,0,0,37,940.0,385.0,24.0
19239,Freguesia (Jacarepaguá),1,1,0,45,1100.0,485.0,36.0
19297,Tijuca,1,0,0,35,1000.0,300.0,50.0
19341,Cascadura,1,0,0,45,650.0,250.0,0.0
19363,Centro,1,0,0,34,850.0,410.0,24.0
19395,Vila Isabel,1,1,1,52,1000.0,750.0,25.0
19401,Andaraí,1,0,0,60,1100.0,150.0,20.0
19403,Quintino Bocaiúva,1,0,0,40,700.0,66.0,0.0
19625,Centro,1,0,0,38,900.0,355.0,21.0
19661,Olaria,1,0,0,56,780.0,318.0,0.0
19830,Laranjeiras,1,0,0,25,900.0,450.0,30.0
19854,Olaria,1,0,0,55,850.0,40.0,0.0
19930,Botafogo,1,0,0,22,830.0,599.0,29.0
19975,Cacuia,1,0,0,37,800.0,200.0,24.0
20049,Vila Isabel,1,0,0,36,1000.0,480.0,20.0
20145,Campinho,1,0,1,35,660.0,66.0,0.0
20161,Méier,1,0,0,67,800.0,430.0,0.0
20276,Copacabana,1,0,0,20,1100.0,400.0,0.0
20293,Freguesia (Jacarepaguá),1,1,0,49,950.0,430.0,35.0
20313,Estácio,1,1,1,32,1000.0,410.0,21.0
20490,Flamengo,1,0,0,18,1000.0,373.0,29.0
20538,Méier,1,0,0,40,700.0,355.0,17.0
20623,Pechincha,1,1,0,50,600.0,500.0,20.0
20686,Centro,1,0,0,48,800.0,80.0,0.0
20815,Engenho Novo,1,1,0,45,590.0,270.0,16.0
20915,Barra da Tijuca,1,1,0,42,950.0,650.0,15.0
20965,Barra da Tijuca,1,1,1,45,1070.0,644.0,37.0
20978,Méier,1,0,0,33,700.0,315.0,14.0
21027,Tauá,1,0,0,50,870.0,150.0,0.0
21072,Tijuca,1,0,0,43,1100.0,210.0,0.0
21313,Quintino Bocaiúva,1,1,0,35,650.0,314.0,0.0
21341,São Cristóvão,1,1,0,60,1100.0,400.0,11.0
21447,Lins de Vasconcelos,1,1,0,42,1050.0,504.0,16.0
21459,Rio Comprido,1,1,0,99,1000.0,777.0,68.0
21475,Leme,1,0,0,26,1100.0,605.0,26.0
21481,São Cristóvão,1,0,0,41,1000.0,130.0,0.0
21519,Higienópolis,1,0,0,45,700.0,130.0,0.0
21630,Tijuca,1,0,0,24,1000.0,400.0,0.0
21644,Centro,1,0,0,36,900.0,230.0,20.0
21718,Centro,1,0,0,35,950.0,425.0,25.0
22030,Engenho Novo,1,1,0,51,800.0,532.0,16.0
22068,Centro,1,0,0,35,1150.0,430.0,180.0
22119,Andaraí,1,0,0,48,1050.0,195.0,20.0
22128,Piedade,1,1,0,40,650.0,305.0,16.0
22211,Centro,1,0,0,34,900.0,400.0,0.0
22294,Freguesia (Jacarepaguá),1,1,0,67,1000.0,470.0,16.0
22312,Jacarepaguá,1,1,0,55,900.0,480.0,40.0
22348,Cachambi,1,1,0,45,700.0,210.0,0.0
22388,Centro,1,0,0,20,800.0,338.0,20.0
22414,São Cristóvão,1,0,0,45,700.0,270.0,20.0
22487,Curicica,1,0,0,45,950.0,150.0,0.0
22495,Centro,1,0,0,30,900.0,415.0,23.0
22552,Centro,1,1,0,46,1100.0,560.0,490.0
22597,Copacabana,1,0,0,56,1100.0,920.0,0.0
22610,Catete,1,0,0,22,900.0,446.0,0.0
22690,Santo Cristo,1,1,0,27,800.0,120.0,0.0
22896,Jacarepaguá,1,0,0,30,700.0,112.0,0.0
23023,Quintino Bocaiúva,1,0,0,60,700.0,270.0,0.0
23165,Tijuca,1,0,0,45,1150.0,458.0,46.0
23230,Glória,1,0,0,35,1150.0,350.0,25.0
23427,Centro,1,0,0,47,950.0,250.0,0.0
23452,Praça Seca,1,1,0,56,900.0,240.0,125.0
23529,Centro,1,0,0,30,800.0,280.0,24.0
23534,Centro,1,0,0,25,1000.0,280.0,0.0
23551,Vicente de Carvalho,1,0,0,40,610.0,95.0,0.0
23760,Centro,1,0,0,21,750.0,269.0,24.0
23792,Estácio,1,1,0,36,750.0,342.0,0.0
23831,Grajaú,1,1,0,50,1100.0,500.0,25.0
23895,Méier,1,0,0,33,890.0,250.0,13.0
23942,Jardim Sulacap,1,1,0,45,850.0,70.0,0.0
24024,Vila Isabel,1,0,0,50,1000.0,325.0,34.0
24042,Glória,1,0,0,30,1100.0,348.0,13.0
24113,Centro,1,0,0,40,1000.0,438.0,21.0
24273,Vila Isabel,1,0,0,36,1050.0,385.0,0.0
24478,Copacabana,1,0,0,35,1000.0,410.0,57.0
24669,Centro,1,0,0,45,1000.0,350.0,23.0
24699,Flamengo,1,0,0,15,900.0,401.0,23.0
24716,Tijuca,1,1,0,60,1050.0,695.0,20.0
24798,Méier,1,0,0,32,900.0,180.0,0.0
24851,Madureira,1,1,0,50,650.0,450.0,0.0
24897,Barra da Tijuca,1,0,0,38,1000.0,410.0,15.0
24919,Bonsucesso,1,0,0,62,800.0,270.0,0.0
24928,Vila Isabel,1,0,1,45,1100.0,500.0,24.0
24941,Riachuelo,1,0,0,53,1000.0,217.0,0.0
24942,Engenho Novo,1,1,0,40,1150.0,310.0,0.0
24953,Centro,1,0,0,38,1000.0,335.0,175.0
25100,Praça Seca,1,1,0,40,1000.0,270.0,0.0
25153,Tijuca,1,1,0,40,1100.0,500.0,20.0
25175,Centro,1,0,0,20,800.0,430.0,38.0
25209,Santa Teresa,1,0,0,25,750.0,400.0,0.0
25226,Jacarepaguá,1,1,0,56,600.0,692.0,0.0
25273,Tijuca,1,0,0,30,1000.0,420.0,21.0
25292,Campo Grande,1,1,0,40,500.0,200.0,0.0
25517,Catete,1,0,0,24,1100.0,435.0,225.0
25562,Riachuelo,1,0,0,46,900.0,253.0,17.0
25637,Flamengo,1,0,0,31,1000.0,394.0,24.0
25675,Moneró,1,0,0,55,1000.0,350.0,18.0
25857,Centro,1,0,0,31,850.0,560.0,115.0
25866,Centro,1,0,0,41,1100.0,390.0,24.0
25904,Senador Vasconcelos,1,1,1,40,850.0,180.0,0.0
26018,Madureira,1,1,0,60,650.0,220.0,0.0
26024,Vila da Penha,1,1,0,48,1100.0,150.0,0.0
26027,Centro,1,0,0,34,1000.0,600.0,129.0
26237,Centro,1,0,0,38,800.0,383.0,0.0
26855,Copacabana,1,0,0,19,1100.0,488.0,30.0
26911,Pechincha,1,1,0,54,850.0,347.0,14.0
26948,Bonsucesso,1,1,0,50,950.0,170.0,26.0
26972,Méier,1,0,0,47,900.0,320.0,16.0
26991,Copacabana,1,0,0,40,1100.0,800.0,100.0
27028,Vila Isabel,1,0,0,50,800.0,176.0,24.0
27347,Flamengo,1,0,0,28,900.0,380.0,29.0
27353,Engenho Novo,1,0,0,40,850.0,381.0,0.0
27382,Tijuca,1,0,0,57,1000.0,517.0,0.0
27419,Botafogo,1,0,0,40,700.0,150.0,0.0
27443,Engenho de Dentro,1,0,0,45,600.0,200.0,0.0
27623,Pechincha,1,1,0,46,1100.0,300.0,0.0
27652,Vila Isabel,1,1,0,60,1000.0,500.0,0.0
27654,Taquara,1,1,1,50,600.0,367.0,16.0
27685,Méier,1,1,0,33,900.0,550.0,12.0
27718,Engenho Novo,1,1,0,58,1000.0,580.0,17.0
27750,Recreio dos Bandeirantes,1,0,0,30,900.0,35.0,9.0
28017,Senador Vasconcelos,1,1,1,50,800.0,180.0,0.0
28151,Pavuna,1,1,0,40,400.0,220.0,0.0
28161,Cocotá,1,0,0,37,700.0,200.0,20.0
28227,Cacuia,1,1,0,42,1050.0,330.0,0.0
28284,Centro,1,0,0,22,1000.0,420.0,24.0
28343,Jacarepaguá,1,1,0,55,1100.0,580.0,0.0
28470,Irajá,1,0,0,55,850.0,110.0,0.0
28476,Santa Teresa,1,0,0,31,1000.0,330.0,15.0
28487,Cacuia,1,1,0,37,900.0,214.0,0.0
28504,São Francisco Xavier,1,0,0,76,800.0,415.0,14.0
28606,Andaraí,1,1,0,60,1000.0,230.0,23.0
28707,Centro,1,0,0,34,1100.0,313.0,25.0
28877,Penha Circular,1,0,0,50,650.0,120.0,0.0
28902,Laranjeiras,1,0,0,26,800.0,458.0,29.0
29027,São Cristóvão,1,1,0,36,1000.0,280.0,136.0
29030,Pechincha,1,1,0,52,850.0,585.0,36.0
29225,Centro,1,0,0,22,1050.0,280.0,24.0
29226,Fátima,1,0,0,25,800.0,300.0,20.0
29232,Jardim Guanabara,1,0,0,39,1100.0,250.0,25.0
29250,Centro,1,0,0,40,900.0,400.0,21.0
29270,Botafogo,1,0,0,35,1000.0,293.0,86.0
29319,Centro,1,0,0,21,830.0,355.0,24.0
29357,Oswaldo Cruz,1,1,0,50,1000.0,150.0,0.0
29411,Glória,1,0,0,30,800.0,495.0,0.0
29482,Copacabana,1,0,0,32,1100.0,561.0,29.0
29525,Copacabana,1,0,0,29,790.0,480.0,95.0
29543,Centro,1,0,0,25,1100.0,316.0,24.0
29552,Centro,1,0,0,27,1000.0,420.0,0.0
29557,Tijuca,1,0,0,37,1000.0,462.0,0.0
29698,Laranjeiras,1,0,0,30,1000.0,70.0,29.0
29749,Lapa,1,0,0,35,1100.0,300.0,25.0
29759,Tauá,1,1,0,50,1000.0,424.0,0.0
29868,Méier,1,0,0,41,850.0,430.0,14.0
30023,Irajá,1,0,0,48,850.0,120.0,0.0
30059,Vila da Penha,1,1,0,65,1000.0,369.0,0.0
30156,Centro,1,0,0,40,1000.0,400.0,0.0
30158,Méier,1,0,0,60,900.0,283.0,17.0
30238,Vila Isabel,1,0,0,50,850.0,369.0,24.0
30406,Del Castilho,1,1,0,55,800.0,350.0,0.0
30407,Abolição,1,0,0,42,800.0,260.0,16.0
30515,Centro,1,0,0,24,750.0,322.0,21.0
30552,Barra da Tijuca,1,1,1,65,1000.0,2650.0,180.0
30574,Glória,1,0,0,39,900.0,246.0,0.0
30606,Tijuca,1,0,0,50,1100.0,350.0,21.0
30618,Taquara,1,1,0,49,800.0,465.0,35.0
30807,Tijuca,1,0,0,48,1000.0,650.0,47.0
30815,Madureira,1,0,0,55,700.0,200.0,0.0
30817,Copacabana,1,0,0,38,1150.0,780.0,0.0
30852,Centro,1,0,0,35,1000.0,500.0,24.0
30884,Copacabana,1,0,0,40,950.0,579.0,67.0
30920,Vila da Penha,1,0,0,64,700.0,200.0,0.0
30937,Riachuelo,1,1,0,55,1000.0,500.0,0.0
30942,Engenho Novo,1,1,0,54,1000.0,450.0,34.0
31011,Centro,1,0,0,34,800.0,330.0,18.0
31113,Centro,1,0,0,20,900.0,238.0,10.0
31206,Centro,1,0,0,42,1100.0,410.0,0.0
31389,Centro,1,0,0,27,1100.0,370.0,0.0
31481,Vila Isabel,1,1,0,40,1000.0,400.0,24.0
31546,Andaraí,1,1,0,60,1000.0,400.0,21.0
31622,Vila Isabel,1,0,0,50,1100.0,450.0,20.0
31681,Copacabana,1,0,0,27,1000.0,655.0,55.0
31717,Catete,1,0,0,45,1100.0,327.0,54.0
31865,Lins de Vasconcelos,1,0,0,35,500.0,360.0,15.0
31899,Centro,1,0,0,31,1000.0,400.0,20.0
31970,Estácio,1,1,1,32,1000.0,409.0,14.0
32074,Pechincha,1,1,1,40,850.0,442.0,15.0
32104,Ramos,1,1,0,47,750.0,470.0,0.0
32240,Centro,1,0,0,40,1000.0,300.0,20.0
32306,Vaz Lobo,1,1,0,39,600.0,175.0,0.0
32331,Pechincha,1,1,0,45,780.0,370.0,30.0
32372,Sampaio,1,0,0,36,650.0,293.0,14.0
32401,Pechincha,1,1,0,68,1150.0,554.0,13.0
32403,Cachambi,1,1,0,36,600.0,407.0,0.0
32408,Praça da Bandeira,1,0,0,40,900.0,435.0,0.0
32410,Flamengo,1,0,0,45,1100.0,514.0,67.0
32434,Cachambi,1,0,0,30,600.0,100.0,13.0
32580,Grajaú,1,1,0,56,1100.0,580.0,420.0
32596,Grajaú,1,0,1,37,1000.0,200.0,0.0
32617,Pechincha,1,0,1,69,900.0,640.0,126.0
32627,Glória,1,0,0,46,1100.0,453.0,32.0
32714,Botafogo,1,0,0,21,1000.0,282.0,25.0
32950,Tijuca,1,0,0,28,1000.0,360.0,25.0
